Emp ID,Name Prefix,First Name,Middle Initial,Last Name,Gender,E Mail,Date of Birth,Date of Joining,Salary
1506,Dr.,Stephen,L,Laing,M,stephen.laing@gmail.com,1984-03-21,2005-11-08,162452
2865,Mrs.,Merri,Z,Mullens,F,merri.mullens@gmail.com,1985-06-12,2015-02-18,191365
8683,Dr.,Homer,O,Ramon,M,homer.ramon@gmail.com,1991-07-09,2012-07-27,104865
17508,Prof.,Kelley,Q,Nice,M,kelley.nice@gmail.com,1992-12-02,2014-04-02,174759
17755,Mrs.,Merri,U,Mullens,F,merri.mullens@gmail.com,1963-02-24,2005-03-25,126476
23911,Dr.,Neville,I,Griffis,M,neville.griffis@gmail.com,1973-01-20,2006-05-09,128888
27881,Hon.,Homer,K,Ramon,M,homer.ramon@gmail.com,1994-04-07,2017-03-15,198321
34716,Mr.,Neville,O,Griffis,M,neville.griffis@gmail.com,1991-07-05,2013-12-03,159457
40983,Mr.,Kelley,O,Nice,M,kelley.nice@gmail.com,1982-01-05,2007-11-28,47303
61047,Ms.,Stephen,Q,Laing,F,stephen.laing@gmail.com,1979-03-03,2008-09-12,104827
